model,task,metric_name,mean,std
random_forest,regression,MAE,4.638203798010125,0.10092606067270146
random_forest,regression,RMSE,6.566945938892493,0.1528857834367527
random_forest,regression,R2,0.6782999229513458,0.01091591395351092
random_forest,regression,CCC,0.8083054830271831,0.006605204300933931
random_forest,classification,Accuracy,0.5274586478080863,0.013048895313240851
random_forest,classification,Precision,0.5278356287881155,0.01302703853237058
random_forest,classification,Recall,0.5274586478080863,0.013048895313240851
random_forest,classification,F1_Weighted,0.5255216536982716,0.013762168825384969
random_forest,classification,Kappa,0.05488361371636012,0.02611247884826901
random_forest,classification,AUC,0.5490728565092088,0.012057899699933143
xgboost,regression,MAE,4.665852187544209,0.10186224142772086
xgboost,regression,RMSE,6.564941169833101,0.1502228945522522
xgboost,regression,R2,0.6785202750104331,0.009945944985350803
xgboost,regression,CCC,0.8026238240743643,0.009246289102919383
xgboost,classification,Accuracy,0.5477328103642954,0.008045290755089684
xgboost,classification,Precision,0.5493643509451542,0.007218271067548053
xgboost,classification,Recall,0.5477328103642954,0.008045290755089684
xgboost,classification,F1_Weighted,0.5434217166171715,0.01168539358587925
xgboost,classification,Kappa,0.09541452140773836,0.01608588521107307
xgboost,classification,AUC,0.5579002873070038,0.01187126628449297
lightgbm,regression,MAE,4.73483210514342,0.10894743127805177
lightgbm,regression,RMSE,6.722024744540508,0.15975378721459074
lightgbm,regression,R2,0.6627851792337117,0.015170346177641543
lightgbm,regression,CCC,0.7939937562035716,0.007238364870932272
lightgbm,classification,Accuracy,0.5268980408470514,0.014438557893783328
lightgbm,classification,Precision,0.5271277276541373,0.01457611538332821
lightgbm,classification,Recall,0.5268980408470514,0.014438557893783328
lightgbm,classification,F1_Weighted,0.5261020109219061,0.0141295473029621
lightgbm,classification,Kappa,0.05379801253448298,0.028875117671796773
lightgbm,classification,AUC,0.5369581610568618,0.020903624716290915
svm,regression,MAE,4.784186399314131,0.10768816253838277
svm,regression,RMSE,7.0144892698116195,0.17837502767453084
svm,regression,R2,0.6330529347740195,0.010469664719304298
svm,regression,CCC,0.7814686767601451,0.008492707829051423
svm,classification,Accuracy,0.5139343515382025,0.020109814157835408
svm,classification,Precision,0.5145544481902853,0.020998945802049265
svm,classification,Recall,0.5139343515382025,0.020109814157835408
svm,classification,F1_Weighted,0.5087396243618766,0.020253642699002518
svm,classification,Kappa,0.027806240313542997,0.04016039758056276
svm,classification,AUC,0.5195581267315875,0.017565694622500766
ridge,regression,MAE,8.954932699478848,0.06723638171757386
ridge,regression,RMSE,11.140809475366037,0.2056528478903795
ridge,regression,R2,0.07382075544071451,0.034220001368927694
ridge,regression,CCC,0.16567793287510751,0.01785014895853769
ridge,classification,Accuracy,0.5128079871634872,0.015121706868028934
ridge,classification,Precision,0.513012991574892,0.015462957122005613
ridge,classification,Recall,0.5128079871634872,0.015121706868028934
ridge,classification,F1_Weighted,0.5098016405699567,0.016136162119292762
ridge,classification,Kappa,0.025567414260190647,0.030183016576911803
ridge,classification,AUC,0.5193682410971606,0.017023330938371134
knn,regression,MAE,7.674665354703494,0.14763406443042779
knn,regression,RMSE,10.0249161700939,0.10313523816123261
knn,regression,R2,0.250030808862852,0.023301882699845722
knn,regression,CCC,0.3888368018559007,0.03187378819390084
knn,classification,Accuracy,0.513657019472673,0.013795654859122103
knn,classification,Precision,0.5136683142108117,0.013818083004773956
knn,classification,Recall,0.513657019472673,0.013795654859122103
knn,classification,F1_Weighted,0.5134146397448285,0.013910318939790492
knn,classification,Kappa,0.027306785986163207,0.02758925051936973
knn,classification,AUC,0.5191798131724356,0.008110139591807676
adaboost,regression,MAE,4.741293955834739,0.08453414758059356
adaboost,regression,RMSE,6.671819763294141,0.1493355855158552
adaboost,regression,R2,0.6679679990186939,0.009934278592358101
adaboost,regression,CCC,0.8011682379976619,0.006931823035102735
adaboost,classification,Accuracy,0.5530837344743567,0.0047481011342822965
adaboost,classification,Precision,0.5538650320442339,0.005575662201186279
adaboost,classification,Recall,0.5530837344743567,0.0047481011342822965
adaboost,classification,F1_Weighted,0.5516310478049519,0.00393512824558508
adaboost,classification,Kappa,0.10617419276110829,0.009495728718666491
adaboost,classification,AUC,0.5611097940706433,0.009672196971360132
naive_bayes,regression,MAE,7.696112834531805,0.18861147563075112
naive_bayes,regression,RMSE,10.183965140292576,0.14488123305276665
naive_bayes,regression,R2,0.22608949700751335,0.025097695062708137
naive_bayes,regression,CCC,0.41105085270723674,0.025219128732011906
naive_bayes,classification,Accuracy,0.5153550840910441,0.016350309897628475
naive_bayes,classification,Precision,0.5138265080145772,0.029845670066388347
naive_bayes,classification,Recall,0.5153550840910441,0.016350309897628475
naive_bayes,classification,F1_Weighted,0.46372565200940946,0.05568240803658167
naive_bayes,classification,Kappa,0.03096234271434122,0.0323025692903348
naive_bayes,classification,AUC,0.5185807323765348,0.01059672389619739
elastic_net,regression,MAE,9.071906584062146,0.09626318685286676
elastic_net,regression,RMSE,11.146364983971152,0.12645922052473826
elastic_net,regression,R2,0.0731631686350239,0.01745794722620874
elastic_net,regression,CCC,0.11924199707311622,0.01025370843020469
elastic_net,classification,Accuracy,0.5119637091182822,0.012665232968220188
elastic_net,classification,Precision,0.5149171937560932,0.024878041693549784
elastic_net,classification,Recall,0.5119637091182822,0.012665232968220188
elastic_net,classification,F1_Weighted,0.44444536411855456,0.06817825673205131
elastic_net,classification,Kappa,0.023890502099458845,0.025281357047496154
elastic_net,classification,AUC,0.5231429068157958,0.01816187171840284
mlp,regression,MAE,5.798591896809426,0.45388940468335814
mlp,regression,RMSE,7.690835629839017,0.18483502113979544
mlp,regression,R2,0.5582319000414772,0.026470358700593753
mlp,regression,CCC,0.667457052916445,0.026255838229654684
mlp,classification,Accuracy,0.5167575919652939,0.0074072434088659385
mlp,classification,Precision,0.5168166019014698,0.007400498926893673
mlp,classification,Recall,0.5167575919652939,0.0074072434088659385
mlp,classification,F1_Weighted,0.5159179158672067,0.008053089680770306
mlp,classification,Kappa,0.03347761009693602,0.014846139596249107
mlp,classification,AUC,0.5203381440725379,0.007103907750014337
cnn_1d,regression,MAE,5.813217221216943,0.632258225378149
cnn_1d,regression,RMSE,7.732967898900148,0.4634136636185157
cnn_1d,regression,R2,0.5534579061472109,0.0431624537072466
cnn_1d,regression,CCC,0.7061293398286194,0.04243459444769736
cnn_1d,classification,Accuracy,0.5114058754779027,0.019149018572561346
cnn_1d,classification,Precision,0.49946455968939985,0.04639019663255132
cnn_1d,classification,Recall,0.5114058754779027,0.019149018572561346
cnn_1d,classification,F1_Weighted,0.45594856068580275,0.0687102402780409
cnn_1d,classification,Kappa,0.022599067295446362,0.038325533242884444
cnn_1d,classification,AUC,0.5127175609440788,0.016356894385153933
tabnet,regression,MAE,6.06701627360856,0.26528649070735
tabnet,regression,RMSE,8.711770745053574,0.7452840144830425
tabnet,regression,R2,0.43115314533310833,0.09133248474298766
tabnet,regression,CCC,0.5721619934833104,0.05735282550005892
tabnet,classification,Accuracy,0.5091531467284721,0.01186824028053081
tabnet,classification,Precision,0.5092055333448972,0.011997897680005485
tabnet,classification,Recall,0.5091531467284721,0.01186824028053081
tabnet,classification,F1_Weighted,0.5045661816980551,0.015815445654083684
tabnet,classification,Kappa,0.018326994329190004,0.023731590417856437
tabnet,classification,AUC,0.5061701642040883,0.016549248592267717
gnn_embedding,regression,MAE,8.963249355295835,0.10970211793194627
gnn_embedding,regression,RMSE,11.523254429523444,0.5351387344889578
gnn_embedding,regression,R2,0.0068158397631210565,0.09963662992145794
gnn_embedding,regression,CCC,0.1665478955008271,0.029500846367153975
gnn_embedding,classification,Accuracy,0.4880358946930528,0.017403313274351215
gnn_embedding,classification,Precision,0.4880506538991976,0.017613744116654544
gnn_embedding,classification,Recall,0.4880358946930528,0.017403313274351215
gnn_embedding,classification,F1_Weighted,0.4871598218748055,0.01681895609027953
gnn_embedding,classification,Kappa,-0.023912770432603557,0.03479291964705503
gnn_embedding,classification,AUC,0.4923187681238563,0.02534705982552746
federated_gnn,regression,MAE,9.204947237418413,0.17144486303805118
federated_gnn,regression,RMSE,12.504543689589031,1.0847448834210076
federated_gnn,regression,R2,-0.17275912498284562,0.18949496701284843
federated_gnn,regression,CCC,0.14017684743478934,0.0339942882965
federated_gnn,classification,Accuracy,0.5077506388542223,0.013807524357274585
federated_gnn,classification,Precision,0.5077712106357261,0.013809065073366416
federated_gnn,classification,Recall,0.5077506388542223,0.013807524357274585
federated_gnn,classification,F1_Weighted,0.5069478555977109,0.014195795425203805
federated_gnn,classification,Kappa,0.015518790839203312,0.02758649415217837
federated_gnn,classification,AUC,0.5044766978194535,0.017652086362632314
